City_ID,City,Country,Date,Lat,Lng,Max Temp,Humidity,Cloudiness,Wind Speed
0,Butaritari,KI,2021-05-20 23:00:57,3.0707,172.7902,81.84,81,89,6.93
1,Mataura,NZ,2021-05-20 23:00:58,-46.1927,168.8643,48.47,90,85,6.33
2,New Norfolk,AU,2021-05-20 23:00:58,-42.7826,147.0587,49.91,67,47,4.14
3,Avera,US,2021-05-20 23:00:59,33.194,-82.5271,83.91,46,59,10.09
4,Hasaki,JP,2021-05-20 23:00:59,35.7333,140.8333,75.6,85,100,28.43
5,Rikitea,PF,2021-05-20 23:01:00,-23.1203,-134.9692,74.3,61,59,11.5
6,Port Elizabeth,ZA,2021-05-20 23:01:00,-33.918,25.5701,53.1,64,15,8.48
7,Naze,JP,2021-05-20 23:01:00,28.3667,129.4833,76.32,82,87,13.15
8,The Valley,AI,2021-05-20 23:01:01,18.217,-63.0578,82.81,73,52,11.74
9,Ossora,RU,2021-05-20 23:01:02,59.2353,163.0719,35.06,85,100,3.47
10,Keflavik,IS,2021-05-20 23:01:02,64.0049,-22.5624,41.43,75,40,1.14
11,San Cristobal,VE,2021-05-20 23:00:26,7.7669,-72.225,70.66,84,50,4.14
12,Roald,NO,2021-05-20 23:01:03,62.5833,6.1333,44.01,75,90,9.22
13,Klaksvik,FO,2021-05-20 23:01:03,62.2266,-6.589,38.32,70,92,16.26
14,Yellowknife,CA,2021-05-20 22:57:11,62.456,-114.3525,48.33,33,20,4.0
15,Busselton,AU,2021-05-20 23:01:04,-33.65,115.3333,49.08,89,47,1.74
16,Aromashevo,RU,2021-05-20 23:01:04,56.8602,68.6375,57.58,60,35,11.56
17,Saint-Philippe,RE,2021-05-20 23:01:04,-21.3585,55.7679,72.99,75,92,18.01
18,Ambon,ID,2021-05-20 23:01:05,-3.6954,128.1814,77.14,84,20,3.47
19,Altamira,BR,2021-05-20 23:01:05,-3.2033,-52.2064,74.03,97,92,3.02
20,Remetea Chioarului,RO,2021-05-20 23:01:06,47.5333,23.55,54.68,93,75,1.61
21,Ushuaia,AR,2021-05-20 22:56:42,-54.8,-68.3,40.66,100,75,0.0
22,Buala,SB,2021-05-20 23:01:06,-8.145,159.5921,84.42,72,98,4.0
23,Akureyri,IS,2021-05-20 23:01:07,65.6835,-18.0878,37.49,65,91,3.2
24,Nanchong,CN,2021-05-20 23:01:07,30.7951,106.0847,69.42,86,100,2.89
25,Gizo,SB,2021-05-20 23:01:08,-8.103,156.8419,83.75,71,83,5.44
26,Saldanha,ZA,2021-05-20 23:01:09,-33.0117,17.9442,59.7,74,25,20.65
27,Tuktoyaktuk,CA,2021-05-20 23:01:09,69.4541,-133.0374,32.25,79,5,14.61
28,Hailar,CN,2021-05-20 23:01:10,49.2,119.7,66.56,48,70,18.21
29,Cibitoke,BI,2021-05-20 23:01:10,-2.8833,29.25,60.87,92,94,3.4
30,Atuona,PF,2021-05-20 23:01:10,-9.8,-139.0333,79.97,78,35,16.69
31,Cairns,AU,2021-05-20 23:01:10,-16.9167,145.7667,73.35,89,75,13.8
32,Katsuura,JP,2021-05-20 23:01:11,35.1333,140.3,76.1,89,100,26.87
33,Vaini,TO,2021-05-20 23:01:11,-21.2,-175.2,77.92,85,99,20.2
34,Cayenne,GF,2021-05-20 22:59:37,4.9333,-52.3333,78.84,89,0,3.0
35,Governador Valadares,BR,2021-05-20 23:00:31,-18.8511,-41.9494,72.19,61,12,1.61
36,Cabo San Lucas,MX,2021-05-20 23:00:01,22.8909,-109.9124,92.8,63,2,8.08
37,Iquique,CL,2021-05-20 22:59:48,-20.2208,-70.1431,64.44,82,40,6.2
38,Saint Anthony,US,2021-05-20 23:01:12,45.0205,-93.218,74.03,89,40,1.99
39,Georgetown,MY,2021-05-20 23:00:15,5.4112,100.3354,82.33,89,20,1.95
40,Iqaluit,CA,2021-05-20 23:01:12,63.7506,-68.5145,28.13,58,75,13.0
41,Manokwari,ID,2021-05-20 23:01:13,-0.8667,134.0833,80.74,71,76,1.16
42,Hermanus,ZA,2021-05-20 23:01:13,-34.4187,19.2345,58.8,78,38,29.75
43,Zhezkazgan,KZ,2021-05-20 23:01:13,47.8043,67.7144,53.56,47,30,9.82
44,Coihaique,CL,2021-05-20 23:01:14,-45.5752,-72.0662,43.97,95,88,0.45
45,Kruisfontein,ZA,2021-05-20 23:01:14,-34.0033,24.7314,50.88,73,0,7.36
46,Kieta,PG,2021-05-20 23:01:14,-6.2167,155.6333,83.91,70,95,4.14
47,Asau,RO,2021-05-20 23:01:15,46.4333,26.4,53.76,93,100,5.99
48,Port Macquarie,AU,2021-05-20 23:01:15,-31.4333,152.9167,62.89,69,57,8.5
49,Bandarbeyla,SO,2021-05-20 23:01:15,9.4942,50.8122,80.4,81,88,26.75
50,Hobart,AU,2021-05-20 22:57:15,-42.8794,147.3294,49.86,81,75,1.01
51,Upernavik,GL,2021-05-20 23:01:16,72.7868,-56.1549,28.24,92,100,9.78
52,Victoria,HK,2021-05-20 22:59:18,22.2855,114.1577,86.97,82,81,10.0
53,Bredasdorp,ZA,2021-05-20 23:01:17,-34.5322,20.0403,58.28,75,34,23.13
54,Shimoda,JP,2021-05-20 23:00:37,34.6667,138.95,76.1,94,100,18.84
55,Grenaa,DK,2021-05-20 23:01:17,56.4158,10.8783,45.84,81,72,7.9
56,Ahuimanu,US,2021-05-20 23:01:18,21.4447,-157.8378,82.78,70,63,16.42
57,Qaanaaq,GL,2021-05-20 23:01:18,77.484,-69.3632,30.24,78,72,5.35
58,Jamestown,US,2021-05-20 23:01:18,42.097,-79.2353,73.31,73,100,3.09
59,Albany,US,2021-05-20 22:56:52,42.6001,-73.9662,80.58,69,96,5.26
60,Kolindros,GR,2021-05-20 23:01:19,40.4758,22.4808,58.26,69,30,11.86
61,Antipovka,RU,2021-05-20 23:01:19,49.8299,45.3122,58.44,73,89,4.63
62,Punta Arenas,CL,2021-05-20 22:58:00,-53.15,-70.9167,44.71,93,90,6.58
63,Boguchany,RU,2021-05-20 23:01:20,58.3814,97.4531,37.09,63,3,3.47
64,Kudahuvadhoo,MV,2021-05-20 23:01:20,2.6708,72.8944,83.05,76,58,13.35
65,Brekstad,NO,2021-05-20 23:01:20,63.687,9.6654,46.45,81,75,4.61
66,Bor,RU,2021-05-20 23:01:22,56.3567,44.0669,58.93,93,87,6.2
67,Hurricane,US,2021-05-20 23:01:22,37.1753,-113.2899,86.7,14,5,32.26
68,Tessalit,ML,2021-05-20 23:01:22,20.1986,1.0114,89.22,23,5,15.3
69,Port Alfred,ZA,2021-05-20 23:01:22,-33.5906,26.891,61.68,57,37,18.9
70,Goderich,CA,2021-05-20 23:00:25,43.7501,-81.7165,82.2,75,100,9.1
71,Salalah,OM,2021-05-20 23:01:23,17.0151,54.0924,80.8,77,30,2.33
72,Hithadhoo,MV,2021-05-20 23:01:23,-0.6,73.0833,83.08,74,77,8.19
73,Esperance,AU,2021-05-20 23:01:24,-33.8667,121.9,61.0,69,6,12.57
74,Tura,IN,2021-05-20 23:01:24,25.5198,90.2201,72.57,96,90,2.3
75,Inverell,AU,2021-05-20 23:01:24,-29.7833,151.1167,61.66,67,51,1.01
76,Kodiak,US,2021-05-20 23:01:25,57.79,-152.4072,42.76,98,100,16.91
77,Santa Eulalia,PE,2021-05-20 23:01:25,-11.85,-76.6833,35.24,64,31,2.98
78,Poum,NC,2021-05-20 23:01:25,-20.2333,164.0167,75.83,71,46,23.91
79,Torbay,CA,2021-05-20 23:01:25,47.6666,-52.7314,49.75,84,79,1.99
80,Onokhoy,RU,2021-05-20 23:01:26,51.932,108.0747,40.75,96,100,6.91
81,Souillac,MU,2021-05-20 23:01:26,-20.5167,57.5167,72.36,71,56,22.88
82,Poyarkovo,RU,2021-05-20 23:01:26,49.6,128.6833,62.83,75,88,6.31
83,Tonj,SS,2021-05-20 23:01:27,7.2737,28.6822,77.99,71,53,4.63
84,Ballina,AU,2021-05-20 23:01:27,-28.8667,153.5667,60.94,74,53,8.19
85,Nikolskoye,RU,2021-05-20 23:01:27,59.7035,30.7861,53.49,98,99,2.64
86,Severo-Kurilsk,RU,2021-05-20 23:01:27,50.6789,156.125,42.82,81,12,3.47
87,Arraial Do Cabo,BR,2021-05-20 23:01:28,-22.9661,-42.0278,70.65,77,1,4.74
88,Chuy,UY,2021-05-20 23:01:28,-33.6971,-53.4616,55.63,82,100,4.0
89,Lorengau,PG,2021-05-20 23:01:28,-2.0226,147.2712,83.52,71,58,1.95
90,Cape Town,ZA,2021-05-20 22:57:06,-33.9258,18.4232,59.88,80,75,7.0
91,Mountain Home,US,2021-05-20 23:01:29,43.133,-115.6912,62.94,30,89,16.26
92,Balkanabat,TM,2021-05-20 23:01:29,39.5108,54.3671,77.72,38,0,2.77
93,Kavieng,PG,2021-05-20 23:01:29,-2.5744,150.7967,83.08,73,42,4.59
94,Ixtapa,MX,2021-05-20 23:00:13,20.7,-105.2,81.23,72,1,5.99
95,Jalu,LY,2021-05-20 23:01:30,29.0331,21.5482,80.56,25,68,13.62
96,Narsaq,GL,2021-05-20 23:01:30,60.9167,-46.05,41.22,73,100,7.2
97,Iralaya,HN,2021-05-20 23:01:30,15.0,-83.2333,81.19,82,60,11.03
98,Umm Kaddadah,SD,2021-05-20 23:01:31,13.6017,26.6876,90.66,22,96,1.07
99,Hilo,US,2021-05-20 23:00:13,19.7297,-155.09,85.28,78,98,4.0
100,Bonthe,SL,2021-05-20 23:01:31,7.5264,-12.505,80.04,82,24,6.44
101,Caravelas,BR,2021-05-20 23:01:31,-17.7125,-39.2481,73.02,82,2,6.85
102,Bethel,US,2021-05-20 23:01:32,41.3712,-73.414,73.51,50,97,6.71
103,Luderitz,NA,2021-05-20 23:01:32,-26.6481,15.1594,59.76,91,38,8.16
104,Morondava,MG,2021-05-20 23:01:32,-20.2833,44.2833,70.0,58,0,11.01
105,Flin Flon,CA,2021-05-20 23:00:25,54.7682,-101.865,44.55,33,100,8.77
106,Rawson,AR,2021-05-20 23:01:33,-43.3002,-65.1023,55.58,84,97,10.27
107,Chandbali,IN,2021-05-20 23:01:33,20.7833,86.7667,84.42,82,76,7.0
108,Bluff,NZ,2021-05-20 23:01:33,-46.6,168.3333,48.79,61,69,19.55
109,Dikson,RU,2021-05-20 23:01:34,73.5069,80.5464,8.71,83,54,5.82
110,Shreveport,US,2021-05-20 23:01:34,32.5251,-93.7502,79.09,92,90,10.71
111,Otane,NZ,2021-05-20 23:01:34,-39.8833,176.6333,58.39,53,0,2.19
112,Mount Isa,AU,2021-05-20 23:00:58,-20.7333,139.5,71.37,40,10,5.75
113,Nueva Germania,PY,2021-05-20 23:01:35,-23.9,-56.5667,79.66,39,51,4.12
114,Vila Velha,BR,2021-05-20 23:01:36,-20.3297,-40.2925,74.95,91,19,1.99
115,Kurud,IN,2021-05-20 23:01:36,20.8322,81.7214,84.29,56,56,4.41
116,Barrow,US,2021-05-20 22:56:43,71.2906,-156.7887,30.2,93,100,10.67
117,Marseille,FR,2021-05-20 23:01:37,43.3333,5.5,55.87,74,69,4.0
118,Alice Springs,AU,2021-05-20 23:01:34,-23.7,133.8833,49.55,34,31,6.06
119,Okhotsk,RU,2021-05-20 23:01:37,59.3833,143.3,38.52,76,46,4.29
120,Visnes,NO,2021-05-20 23:01:38,59.3556,5.2242,43.21,81,56,4.61
121,Erenhot,CN,2021-05-20 23:01:38,43.6475,111.9767,68.07,28,59,19.64
122,Nata,PA,2021-05-20 23:01:38,8.3333,-80.5167,84.47,70,62,4.88
123,Hay River,CA,2021-05-20 23:00:09,60.8156,-115.7999,49.44,52,70,5.39
124,Uruzgan,AF,2021-05-20 23:01:39,32.8333,66.0,61.86,26,0,7.65
125,Ornskoldsvik,SE,2021-05-20 23:01:39,63.2909,18.7153,49.15,80,90,11.92
126,Kangaatsiaq,GL,2021-05-20 23:01:39,68.3065,-53.4641,29.55,69,100,10.78
127,Kapoeta,SS,2021-05-20 23:01:40,4.7717,33.5903,77.76,59,89,4.07
128,Daru,PG,2021-05-20 23:01:40,-9.0763,143.2092,79.54,87,81,18.16
129,Esso,RU,2021-05-20 23:01:40,55.9333,158.7,38.62,99,100,3.76
130,Sterling,US,2021-05-20 22:59:01,39.0062,-77.4286,83.88,51,75,4.0
131,Rocha,UY,2021-05-20 23:00:26,-34.4833,-54.3333,52.02,92,83,3.67
132,Tasiilaq,GL,2021-05-20 23:01:41,65.6145,-37.6368,30.36,73,79,4.92
133,Wete,TZ,2021-05-20 23:01:41,-5.0559,39.7294,75.24,82,90,9.19
134,Qeshm,IR,2021-05-20 23:01:41,26.9581,56.2719,84.47,74,34,2.21
135,Luganville,VU,2021-05-20 23:01:42,-15.5333,167.1667,80.85,78,53,6.13
136,Iracoubo,GF,2021-05-20 23:01:42,5.4802,-53.2011,77.05,90,100,9.91
137,East London,ZA,2021-05-20 22:57:40,-33.0153,27.9116,66.34,45,26,16.84
138,Landerneau,FR,2021-05-20 23:01:42,48.4525,-4.2525,54.63,77,90,21.9
139,Ust-Tsilma,RU,2021-05-20 23:01:43,65.441,52.1498,63.27,50,3,5.19
140,Saint George,US,2021-05-20 23:00:09,37.1041,-113.5841,93.67,12,0,17.0
141,Faya,SA,2021-05-20 23:01:43,18.3851,42.4509,71.08,20,5,4.97
142,Bay Roberts,CA,2021-05-20 23:01:43,47.5999,-53.2648,50.02,81,75,5.99
143,Akdepe,TM,2021-05-20 23:01:44,42.0551,59.3788,71.6,22,2,7.85
144,Ilulissat,GL,2021-05-20 23:01:44,69.2167,-51.1,30.22,64,75,9.22
145,Yumen,CN,2021-05-20 23:01:44,40.2833,97.2,62.74,21,100,7.02
146,Sampit,ID,2021-05-20 23:01:45,-2.5333,112.95,74.48,97,99,0.69
147,Barra Patuca,HN,2021-05-20 23:01:45,15.8,-84.2833,83.25,76,43,13.67
148,Komsomolskiy,UZ,2021-05-20 23:01:45,40.4272,71.7189,69.15,52,50,4.61
149,Sabattus,US,2021-05-20 23:01:46,44.1198,-70.1076,68.68,67,1,7.25
150,Valparaiso,CL,2021-05-20 23:00:47,-33.0393,-71.6273,56.43,77,98,5.12
151,Bauchi,NG,2021-05-20 23:01:46,10.5,10.0,84.02,44,100,5.46
152,Saint-Paul,RE,2021-05-20 22:58:01,-21.0096,55.2707,73.51,73,56,5.37
153,Airai,TL,2021-05-20 23:01:47,-8.9266,125.4092,62.22,83,77,2.98
154,Ribeira Grande,PT,2021-05-20 23:01:47,38.5167,-28.7,60.42,66,99,16.96
155,Puerto Carreno,CO,2021-05-20 22:58:20,6.189,-67.4859,83.28,70,61,4.76
156,Mehamn,NO,2021-05-20 23:01:47,71.0357,27.8492,36.72,79,100,11.72
157,Olafsvik,IS,2021-05-20 23:01:47,64.8945,-23.7142,40.17,62,14,8.37
158,Saint-Pierre,RE,2021-05-20 23:01:29,-21.3393,55.4781,73.08,75,75,24.16
159,Rudnya,RU,2021-05-20 23:01:48,54.947,31.0934,46.96,94,100,18.88
160,Santo Angelo,BR,2021-05-20 23:01:48,-28.2992,-54.2631,64.15,55,87,10.78
161,Nouadhibou,MR,2021-05-20 23:01:49,20.931,-17.0347,65.82,93,0,18.63
162,Hohhot,CN,2021-05-20 23:01:49,40.8106,111.6522,63.01,49,46,2.68
163,Namibe,AO,2021-05-20 23:01:49,-15.1961,12.1522,72.19,58,0,8.9
164,Kampene,CD,2021-05-20 23:01:49,-3.6,26.6667,70.09,89,53,2.17
165,Geraldton,AU,2021-05-20 23:01:50,-28.7667,114.6,52.21,44,0,4.18
166,Nanortalik,GL,2021-05-20 23:01:50,60.1432,-45.2371,37.17,74,100,10.38
167,Kloulklubed,PW,2021-05-20 23:01:50,7.0419,134.2556,83.59,71,100,6.42
168,Atambua,ID,2021-05-20 23:01:51,-9.1061,124.8925,73.85,82,66,4.27
169,Constitucion,CL,2021-05-20 23:01:51,-35.3333,-72.4167,53.49,74,100,1.99
170,Bilibino,RU,2021-05-20 23:01:51,68.0546,166.4372,33.6,90,100,3.4
171,Igarka,RU,2021-05-20 23:01:52,67.4667,86.5833,23.99,92,93,3.22
172,Biltine,TD,2021-05-20 23:01:52,14.5333,20.9167,94.01,22,71,10.56
173,Mongar,BT,2021-05-20 23:01:52,27.2747,91.2396,61.12,94,83,1.61
174,Pochutla,MX,2021-05-20 23:01:53,15.7432,-96.4661,88.83,50,8,7.43
175,Roebourne,AU,2021-05-20 23:01:53,-20.7833,117.1333,70.29,23,0,11.88
176,Avarua,CK,2021-05-20 23:01:54,-21.2078,-159.775,80.65,65,20,10.36
177,Yerbogachen,RU,2021-05-20 23:01:54,61.2767,108.0108,40.73,52,3,2.24
178,Juazeiro,BR,2021-05-20 23:01:54,-9.4117,-40.4986,77.81,53,1,11.43
179,Broken Hill,AU,2021-05-20 23:01:54,-31.95,141.4333,56.59,41,100,9.19
180,Cherskiy,RU,2021-05-20 23:01:55,68.75,161.3,35.29,78,100,8.63
181,Mar Del Plata,AR,2021-05-20 23:01:55,-38.0023,-57.5575,58.12,29,83,4.0
182,Cidreira,BR,2021-05-20 23:01:55,-30.1811,-50.2056,60.55,70,79,2.77
183,Padang,ID,2021-05-20 23:01:56,-0.9492,100.3543,75.25,87,61,3.42
184,Kununurra,AU,2021-05-20 23:01:56,-15.7667,128.7333,66.18,88,71,0.0
185,Fairbanks,US,2021-05-20 23:00:03,64.8378,-147.7164,66.09,31,97,1.99
186,Faanui,PF,2021-05-20 23:01:56,-16.4833,-151.75,81.7,74,62,19.06
187,Avila,ES,2021-05-20 23:01:57,40.5833,-5.0,53.1,65,85,3.65
188,Amga,RU,2021-05-20 23:01:57,60.8953,131.9608,39.76,90,100,5.5
189,Gannan,CN,2021-05-20 23:01:57,47.9147,123.5031,66.63,43,1,7.43
190,Kapaa,US,2021-05-20 23:01:58,22.0752,-159.319,80.47,68,84,3.0
191,Saskylakh,RU,2021-05-20 23:01:58,71.9167,114.0833,23.31,95,94,4.52
192,Puerto Ayora,EC,2021-05-20 23:01:23,-0.7393,-90.3518,76.55,89,84,5.99
193,Castro,BR,2021-05-20 23:01:58,-24.7911,-50.0119,57.34,70,2,2.77
194,Camacupa,AO,2021-05-20 23:01:59,-12.0167,17.4833,59.65,61,1,2.95
195,Inhambane,MZ,2021-05-20 23:01:59,-23.865,35.3833,69.71,83,27,9.28
196,Bereda,ES,2021-05-20 23:01:59,43.2686,-7.5406,58.57,99,96,1.86
197,Springfield,US,2021-05-20 22:57:10,37.2153,-93.2982,73.22,95,90,1.99
198,Sorland,NO,2021-05-20 23:02:00,67.667,12.6934,42.89,84,33,8.97
199,Carnarvon,AU,2021-05-20 23:02:00,-24.8667,113.6333,70.79,40,0,7.85
200,Grand Gaube,MU,2021-05-20 23:02:00,-20.0064,57.6608,72.37,72,61,5.99
201,Ust-Kulom,RU,2021-05-20 23:02:00,61.6864,53.6902,56.17,65,3,4.23
202,Hervey Bay,AU,2021-05-20 23:02:01,-25.2986,152.8535,65.01,78,14,4.0
203,Khuzhir,RU,2021-05-20 23:02:01,53.1939,107.3397,34.09,97,100,6.06
204,Vestmannaeyjar,IS,2021-05-20 23:02:01,63.4427,-20.2734,41.76,74,89,3.38
205,Leningradskiy,RU,2021-05-20 23:02:02,69.3833,178.4167,36.05,77,35,4.34
206,Norman Wells,CA,2021-05-20 23:02:02,65.282,-126.8329,61.14,28,2,6.73
207,Sao Filipe,CV,2021-05-20 23:02:02,14.8961,-24.4956,72.88,79,99,5.32
208,Santa Cruz Del Sur,CU,2021-05-20 23:02:03,20.7147,-77.9956,77.05,86,95,17.45
209,Ulladulla,AU,2021-05-20 23:02:03,-35.35,150.4667,52.09,73,74,7.2
210,Provideniya,RU,2021-05-20 23:02:03,64.3833,-173.3,30.31,80,40,8.95
211,Ostrovnoy,RU,2021-05-20 23:02:04,68.0531,39.5131,40.98,94,84,10.71
212,Vila Franca Do Campo,PT,2021-05-20 23:02:04,37.7167,-25.4333,59.41,89,92,9.93
213,Muros,ES,2021-05-20 23:02:05,42.7762,-9.0603,61.3,91,99,8.93
214,Kilis,TR,2021-05-20 23:02:05,36.7161,37.115,64.63,40,0,4.97
215,Lebu,CL,2021-05-20 23:02:05,-37.6167,-73.65,51.31,82,65,7.9
216,Brewster,US,2021-05-20 23:02:06,41.3973,-73.6171,73.74,44,98,1.01
217,Deer Lake,CA,2021-05-20 23:02:06,49.1667,-57.4316,53.62,67,42,8.05
218,Aripuana,BR,2021-05-20 23:02:06,-9.1667,-60.6333,79.9,73,100,1.61
219,Along,IN,2021-05-20 23:02:07,28.1667,94.7667,72.16,100,100,1.45
220,Los Llanos De Aridane,ES,2021-05-20 23:02:07,28.6585,-17.9182,73.13,38,0,16.84
221,Mount Gambier,AU,2021-05-20 23:02:07,-37.8333,140.7667,50.29,86,3,5.12
222,Nizhniy Kuranakh,RU,2021-05-20 23:02:08,58.8353,125.4869,38.59,59,96,6.82
223,Kavaratti,IN,2021-05-20 23:02:08,10.5669,72.642,82.81,76,92,9.57
224,Lata,PT,2021-05-20 23:02:08,40.1629,-8.3327,62.71,92,100,1.63
225,Vanavara,RU,2021-05-20 23:02:09,60.34,102.2797,37.98,57,25,2.77
226,Kamenka,RU,2021-05-20 23:02:10,51.3223,42.7678,52.21,93,21,8.86
227,Thompson,CA,2021-05-20 23:00:09,55.7435,-97.8558,32.0,59,90,12.66
228,Houma,US,2021-05-20 23:02:10,29.5958,-90.7195,78.8,97,90,23.02
229,Carlos Antonio Lopez,PY,2021-05-20 23:02:11,-26.4,-54.7667,64.49,64,9,1.66
230,Kota Belud,MY,2021-05-20 23:02:11,6.351,116.4305,78.66,85,100,4.34
231,Batagay-Alyta,RU,2021-05-20 23:02:11,67.8006,130.4114,31.41,64,76,4.97
232,Ahipara,NZ,2021-05-20 23:02:12,-35.1667,173.1667,64.53,60,84,4.56
233,Sola,VU,2021-05-20 23:01:15,-13.8833,167.55,80.67,78,94,13.44
234,Luanda,AO,2021-05-20 22:58:57,-8.8368,13.2343,78.8,89,40,8.05
235,Lagoa,PT,2021-05-20 23:02:12,39.05,-27.9833,59.86,63,75,14.05
236,Pevek,RU,2021-05-20 23:02:12,69.7008,170.3133,32.54,97,100,3.13
237,Salisbury,GB,2021-05-20 22:57:26,51.0693,-1.7957,53.87,73,84,29.37
238,Mayo,US,2021-05-20 23:02:13,38.8876,-76.5119,81.63,44,93,11.99
239,San Francisco,US,2021-05-20 23:00:04,37.7749,-122.4194,73.15,59,1,5.99
240,Flinders,AU,2021-05-20 23:02:13,-34.5833,150.8552,58.8,86,25,1.01
241,Hobyo,SO,2021-05-20 23:02:13,5.3505,48.5268,78.94,81,9,29.21
242,Comodoro Rivadavia,AR,2021-05-20 23:02:14,-45.8667,-67.5,52.95,91,100,2.15
243,Juneau,US,2021-05-20 23:02:14,58.3019,-134.4197,58.84,55,97,5.01
244,Chany,RU,2021-05-20 23:02:14,55.3121,76.7647,41.92,86,100,11.54
245,Noumea,NC,2021-05-20 22:57:47,-22.2763,166.4572,75.0,99,63,10.54
246,Onega,RU,2021-05-20 23:02:15,63.9061,38.1404,62.24,63,9,8.97
247,Severo-Yeniseyskiy,RU,2021-05-20 23:02:15,60.3725,93.0408,31.95,72,52,1.05
248,Imeni Poliny Osipenko,RU,2021-05-20 23:02:15,52.4201,136.4853,48.85,67,85,3.67
249,Tarko-Sale,RU,2021-05-20 23:02:16,64.9225,77.785,37.99,90,100,14.72
250,Watsa,CD,2021-05-20 23:02:16,3.0372,29.5355,65.05,97,91,2.48
251,Khatanga,RU,2021-05-20 23:02:16,71.9667,102.5,27.0,88,100,2.28
252,Kushima,JP,2021-05-20 23:00:33,31.4583,131.2333,67.12,91,100,10.13
253,Tuatapere,NZ,2021-05-20 23:02:17,-46.1333,167.6833,48.81,75,78,6.8
254,Mulege,MX,2021-05-20 23:02:17,26.8833,-111.9833,91.22,32,47,10.04
255,Nyurba,RU,2021-05-20 23:02:17,63.2842,118.3319,41.45,48,77,4.34
256,Bonavista,CA,2021-05-20 23:02:18,48.6499,-53.1147,50.11,83,70,18.05
257,Estreito,BR,2021-05-20 22:58:05,-5.7833,-43.25,78.04,68,13,3.44
258,Touros,BR,2021-05-20 23:02:18,-5.1989,-35.4608,77.79,84,4,12.28
259,Kisangani,CD,2021-05-20 23:02:18,0.5167,25.2,75.54,75,75,2.39
260,Te Anau,NZ,2021-05-20 23:02:19,-45.4167,167.7167,48.33,82,66,1.52
261,Muravlenko,RU,2021-05-20 23:02:19,63.7898,74.523,41.36,96,100,5.37
262,Khandyga,RU,2021-05-20 22:57:24,62.6667,135.6,49.89,31,17,4.34
263,Sibolga,ID,2021-05-20 23:02:19,1.7427,98.7792,76.14,80,83,3.62
264,Quito,EC,2021-05-20 23:00:37,-0.2299,-78.5249,54.7,90,82,2.33
265,Guerrero Negro,MX,2021-05-20 23:02:20,27.9769,-114.0611,66.94,65,46,22.57
266,Puerto Madero,MX,2021-05-20 23:02:20,14.7208,-92.4215,88.0,70,40,5.75
267,Kaitangata,NZ,2021-05-20 23:02:20,-46.2817,169.8464,49.93,85,99,10.11
268,Sur,OM,2021-05-20 23:02:21,22.5667,59.5289,92.17,33,0,7.67
269,Marawi,PH,2021-05-20 23:02:21,7.9986,124.2928,66.65,88,96,1.66
270,Jumla,NP,2021-05-20 23:02:21,29.2747,82.1838,54.36,87,93,5.66
271,Aurora,US,2021-05-20 22:59:10,39.7294,-104.8319,81.52,25,40,5.01
272,Toamasina,MG,2021-05-20 23:02:21,-18.1667,49.3833,68.97,83,95,12.21
273,Kozhanka,UA,2021-05-20 23:02:22,49.9793,29.7381,52.75,91,100,6.78
274,Pathein,MM,2021-05-20 23:02:22,16.7833,94.7333,81.46,76,99,3.62
275,Alappuzha,IN,2021-05-20 23:02:23,9.49,76.3264,79.32,83,100,3.31
276,Champerico,GT,2021-05-20 23:02:23,14.3,-91.9167,87.35,70,8,7.09
277,Mollendo,PE,2021-05-20 23:02:23,-17.0231,-72.0147,64.44,82,82,8.39
278,Talnakh,RU,2021-05-20 23:02:23,69.4865,88.3972,17.4,95,88,4.76
279,Roma,US,2021-05-20 22:59:38,43.2128,-75.4557,70.84,88,77,5.21
280,Cockburn Town,TC,2021-05-20 23:02:24,21.4612,-71.1419,78.21,78,92,25.66
281,Sept-Iles,CA,2021-05-20 23:02:24,50.2001,-66.3821,48.25,86,53,1.01
282,Fortuna,US,2021-05-20 23:02:24,40.5982,-124.1573,60.19,60,75,8.99
283,Nhulunbuy,AU,2021-05-20 23:02:25,-12.2333,136.7667,81.21,74,40,12.66
284,Marzuq,YE,2021-05-20 23:02:25,14.4,46.4667,78.28,51,22,0.29
285,Duluth,US,2021-05-20 22:58:47,46.7833,-92.1066,70.86,93,75,10.36
286,Maragogi,BR,2021-05-20 23:02:25,-9.0122,-35.2225,76.82,84,0,3.94
287,Petatlan,MX,2021-05-20 23:02:26,17.5167,-101.2667,87.46,39,0,6.62
288,Belmonte,BR,2021-05-20 23:02:26,-15.8631,-38.8828,74.14,80,1,8.68
289,Srednekolymsk,RU,2021-05-20 22:58:51,67.45,153.6833,34.9,94,100,8.3
290,Yibin,CN,2021-05-20 23:02:26,28.7667,104.6238,67.93,93,100,1.83
291,Namatanai,PG,2021-05-20 23:02:27,-3.6667,152.4333,83.68,71,45,0.6
292,Khor,RU,2021-05-20 23:02:27,47.8861,134.9464,60.98,86,53,10.45
293,Aklavik,CA,2021-05-20 23:02:27,68.2191,-135.0107,59.72,33,3,11.32
294,Scarborough,GB,2021-05-20 22:57:36,54.2797,-0.4044,50.85,90,100,3.0
295,Canmore,CA,2021-05-20 22:59:19,51.0834,-115.3521,35.71,77,100,5.75
296,Providencia,MX,2021-05-20 23:02:28,28.7167,-111.5833,96.85,37,31,14.0
297,Port Hardy,CA,2021-05-20 23:02:28,50.6996,-127.4199,54.5,71,24,13.29
298,College,US,2021-05-20 23:02:28,64.8569,-147.8028,66.09,32,97,5.01
299,Yacuiba,BO,2021-05-20 23:02:29,-22.038,-63.6797,69.71,74,80,3.53
300,Zhireken,RU,2021-05-20 23:02:29,52.8249,117.3076,42.82,89,100,17.22
301,Kalawit,PH,2021-05-20 23:02:29,8.0667,122.5167,76.35,94,100,0.87
302,Nara,JP,2021-05-20 23:02:30,34.6851,135.8049,72.68,91,100,12.06
303,Pagegiai,LT,2021-05-20 23:02:30,55.1381,21.9089,42.71,95,2,8.7
304,High Rock,BS,2021-05-20 23:02:30,26.6208,-78.2833,75.69,61,88,24.87
305,Saint-Francois,FR,2021-05-20 23:02:31,46.4154,3.9054,55.18,87,0,4.61
306,Vardo,NO,2021-05-20 23:02:31,70.3705,31.1107,38.12,79,100,18.9
307,Envira,BR,2021-05-20 23:02:31,-7.3,-70.2167,78.4,76,96,2.46
308,Baturaja,ID,2021-05-20 23:02:31,-4.1333,104.1667,72.66,98,100,2.8
309,Pangnirtung,CA,2021-05-20 23:02:32,66.1451,-65.7125,22.23,78,100,6.02
310,Dwarka,IN,2021-05-20 23:02:32,22.2394,68.9678,84.06,78,66,14.58
311,Leh,IN,2021-05-20 23:02:32,34.1667,77.5833,41.97,67,87,4.25
312,Tamworth,GB,2021-05-20 22:59:32,52.634,-1.6959,51.62,89,100,11.99
313,Paamiut,GL,2021-05-20 23:02:33,61.994,-49.6678,35.51,89,100,38.03
314,General Roca,AR,2021-05-20 23:02:33,-39.0333,-67.5833,55.63,85,100,4.05
315,Buraydah,SA,2021-05-20 23:02:33,26.326,43.975,89.17,9,93,11.39
316,Haines Junction,CA,2021-05-20 23:02:34,60.7522,-137.5108,51.78,40,98,8.14
317,Sao Joao Da Barra,BR,2021-05-20 23:02:34,-21.6403,-41.0511,70.99,86,6,5.95
318,Jamkhed,IN,2021-05-20 23:02:34,18.7362,75.3121,80.83,57,33,12.15
319,Sinnamary,GF,2021-05-20 23:02:35,5.3833,-52.95,77.47,88,100,9.98
320,Alofi,NU,2021-05-20 23:02:35,-19.0595,-169.9187,79.75,72,27,20.36
321,Ancud,CL,2021-05-20 23:02:35,-41.8697,-73.8203,52.43,84,96,18.37
322,Zhigalovo,RU,2021-05-20 23:02:36,54.8097,105.1578,38.79,39,100,6.11
323,Kamaishi,JP,2021-05-20 23:00:25,39.2667,141.8833,58.15,97,100,2.71
324,Carutapera,BR,2021-05-20 23:02:36,-1.195,-46.02,77.63,88,54,7.23
325,Prince Rupert,CA,2021-05-20 23:02:36,54.3161,-130.3201,55.85,68,43,6.53
326,Nargana,PA,2021-05-20 23:02:37,9.4428,-78.5906,82.89,79,25,6.04
327,Wattegama,LK,2021-05-20 23:02:37,6.7989,81.4808,75.87,88,98,7.29
328,Waipawa,NZ,2021-05-20 23:02:37,-41.4122,175.5153,57.04,57,1,14.41
329,Henties Bay,NA,2021-05-20 23:02:38,-22.116,14.2845,61.2,86,2,14.72
330,Tolstoy-Yurt,RU,2021-05-20 23:02:38,43.4444,45.7722,53.92,82,0,4.47
331,Hovd,MN,2021-05-20 23:02:38,48.0056,91.6419,38.59,29,2,1.48
332,Deutschlandsberg,AT,2021-05-20 23:02:39,46.8153,15.2222,47.05,78,4,4.18
333,Boyolangu,ID,2021-05-20 23:02:39,-8.1181,111.8935,74.34,94,97,1.12
334,Shelburne,CA,2021-05-20 23:02:40,44.0787,-80.2041,76.12,44,100,0.65
335,Meulaboh,ID,2021-05-20 23:02:41,4.1363,96.1285,76.96,89,100,3.44
336,Burns Lake,CA,2021-05-20 23:00:12,54.2331,-125.7533,62.06,29,60,2.06
337,Beringovskiy,RU,2021-05-20 23:02:41,63.05,179.3167,32.31,99,100,12.37
338,Ridgecrest,US,2021-05-20 22:58:11,35.6225,-117.6709,75.02,10,0,11.99
339,Elliot Lake,CA,2021-05-20 23:02:42,46.3834,-82.6331,67.95,74,100,5.48
340,Yendi,GH,2021-05-20 23:02:42,9.4427,-0.0099,87.21,49,94,6.13
341,Huambo,AO,2021-05-20 23:02:42,-12.7761,15.7392,57.13,60,1,0.85
342,Itaquyry,PY,2021-05-20 23:02:43,-24.9333,-55.2167,71.15,52,1,3.67
343,Lamar,US,2021-05-20 23:02:44,33.6668,-95.5836,73.06,88,100,9.57
344,Ninohe,JP,2021-05-20 23:02:44,40.2724,141.3061,58.01,98,100,4.36
345,Tiksi,RU,2021-05-20 23:02:44,71.6872,128.8694,27.97,92,99,6.11
346,Hambantota,LK,2021-05-20 23:02:45,6.1241,81.1185,80.4,83,97,15.5
347,Moju,BR,2021-05-20 23:02:45,-1.8839,-48.7689,75.67,96,83,3.2
348,Nerja,ES,2021-05-20 23:02:45,36.7585,-3.8873,74.95,86,83,2.51
349,El Limon,VE,2021-05-20 23:02:46,10.3059,-67.6321,77.56,75,22,4.05
350,Adrar,MR,2021-05-20 23:02:46,20.5022,-10.0711,87.28,22,29,10.69
351,Kahului,US,2021-05-20 22:58:19,20.8947,-156.47,81.97,80,53,8.99
352,Bengkulu,ID,2021-05-20 23:02:46,-3.8004,102.2655,75.09,87,99,3.83
353,Shumerlya,RU,2021-05-20 23:02:47,55.5005,46.4129,55.13,95,99,4.27
354,Adiake,CI,2021-05-20 23:01:13,5.2863,-3.304,76.59,85,90,9.51
355,Northam,GB,2021-05-20 23:02:47,51.0333,-4.2167,52.66,88,100,35.68
356,Chimore,BO,2021-05-20 23:02:47,-16.9833,-65.1333,75.88,81,100,3.06
357,Elko,US,2021-05-20 23:00:14,41.0002,-115.5012,53.64,24,73,15.01
358,Mana,GF,2021-05-20 23:02:48,5.6592,-53.7767,77.18,90,100,9.22
359,Kiunga,PG,2021-05-20 23:02:48,-6.1219,141.2906,73.44,99,100,4.21
360,Paracuru,BR,2021-05-20 23:02:48,-3.41,-39.0306,81.1,80,32,8.68
361,Bilma,NE,2021-05-20 23:02:49,18.6853,12.9164,89.1,8,0,11.25
362,Tahoua,NE,2021-05-20 23:02:16,14.8888,5.2692,90.16,21,15,3.83
363,Sitka,US,2021-05-20 23:02:49,57.0531,-135.33,54.9,52,95,5.5
364,Mandalgovi,MN,2021-05-20 23:02:49,45.7625,106.2708,62.44,31,5,13.8
365,Turukhansk,RU,2021-05-20 23:02:50,65.8167,87.9833,33.35,77,100,3.2
366,Belaya Gora,RU,2021-05-20 23:02:50,68.5333,146.4167,36.45,72,99,7.31
367,Chokurdakh,RU,2021-05-20 23:02:51,70.6333,147.9167,31.59,100,100,4.97
368,North Bend,US,2021-05-20 23:02:51,43.4065,-124.2243,59.23,71,75,9.22
369,Longyearbyen,SJ,2021-05-20 23:01:58,78.2186,15.6401,24.64,80,75,12.66
370,Merrill,US,2021-05-20 23:01:04,45.1805,-89.6835,72.82,79,75,11.5
371,Maceio,BR,2021-05-20 23:02:51,-9.6658,-35.7353,76.44,81,20,6.42
372,Kaoma,ZM,2021-05-20 23:02:13,-14.7833,24.8,56.7,57,8,4.54
373,Atyrau,KZ,2021-05-20 23:02:52,47.1167,51.8833,59.02,94,44,2.24
374,Koundara,GN,2021-05-20 23:02:52,12.4833,-13.3,79.11,76,98,7.9
375,San Quintin,MX,2021-05-20 23:02:52,30.4833,-115.95,64.22,63,83,20.83
376,Akyab,MM,2021-05-20 23:02:53,20.15,92.9,82.96,82,69,4.05
377,Tyup,KG,2021-05-20 23:02:53,42.7276,78.3648,43.39,84,90,4.41
378,Beloha,MG,2021-05-20 23:02:54,-25.1667,45.05,62.58,60,0,10.18
379,Matay,EG,2021-05-20 23:02:54,28.419,30.7792,77.45,29,0,13.56
380,Grindavik,IS,2021-05-20 23:02:54,63.8424,-22.4338,41.56,68,40,6.93
381,Tsiroanomandidy,MG,2021-05-20 23:02:54,-18.7667,46.0333,55.89,69,0,2.77
382,Hami,CN,2021-05-20 23:02:55,42.8,93.45,57.38,54,100,25.7
383,Novouzensk,RU,2021-05-20 23:02:55,50.4592,48.1431,58.3,70,37,6.6
384,Brae,GB,2021-05-20 23:02:55,60.3964,-1.353,44.51,73,45,11.95
385,Fort Nelson,CA,2021-05-20 23:00:24,58.8053,-122.7002,64.11,29,58,3.53
386,Hidalgo,MX,2021-05-20 23:02:56,20.5,-99.0,72.77,41,24,10.78
387,Nome,US,2021-05-20 23:02:56,64.5011,-165.4064,52.16,40,100,8.48
388,Isangel,VU,2021-05-20 23:02:58,-19.55,169.2667,78.91,73,75,11.95
389,Bambous Virieux,MU,2021-05-20 23:02:58,-20.3428,57.7575,72.21,66,44,22.57
390,Rincon,US,2021-05-20 23:02:58,32.296,-81.2354,79.25,59,20,1.01
391,Ishigaki,JP,2021-05-20 23:00:07,24.3448,124.1572,81.72,88,100,15.97
392,Atasu,KZ,2021-05-20 23:02:59,48.6814,71.6433,48.42,57,25,2.93
393,Bocana De Paiwas,NI,2021-05-20 23:02:59,12.7857,-85.1227,87.06,57,75,12.62
394,Svetlogorsk,BY,2021-05-20 23:03:00,52.6333,29.7333,44.22,95,40,8.63
395,Foam Lake,CA,2021-05-20 23:03:00,51.65,-103.5343,32.76,100,100,11.05
396,Sabla,NG,2021-05-20 23:03:00,12.7525,4.7077,92.19,23,97,7.83
397,Khakhea,BW,2021-05-20 23:03:00,-24.6895,23.494,59.22,38,2,8.34
398,Collie,AU,2021-05-20 23:03:01,-33.3667,116.15,46.98,90,37,0.18
399,Aginskoye,RU,2021-05-20 23:03:01,51.1,114.53,51.8,87,98,10.04
400,Kaeo,NZ,2021-05-20 23:03:02,-35.1,173.7833,63.32,68,87,7.23
401,Seoul,KR,2021-05-20 22:59:27,37.5683,126.9778,59.41,91,90,4.47
402,Hirara,JP,2021-05-20 23:03:02,24.8,125.2833,81.19,87,100,15.35
403,Baykit,RU,2021-05-20 23:03:03,61.67,96.37,36.72,78,77,1.23
404,Camana,PE,2021-05-20 23:01:02,-16.6228,-72.7111,65.32,84,69,9.24
405,Manitouwadge,CA,2021-05-20 23:03:03,49.1215,-85.8403,64.29,91,100,11.18
406,Danielskuil,ZA,2021-05-20 23:03:04,-28.1887,23.5395,46.31,71,0,16.71
407,Itarema,BR,2021-05-20 23:03:04,-2.9248,-39.9167,79.39,80,54,11.68
408,Taltal,CL,2021-05-20 23:03:05,-25.4,-70.4833,62.64,74,47,2.26
409,Hit,IQ,2021-05-20 23:03:05,33.6416,42.8251,89.35,13,98,5.66
410,Port Blair,IN,2021-05-20 23:03:05,11.6667,92.75,78.73,92,100,15.48
411,Lavrentiya,RU,2021-05-20 23:03:06,65.5833,-171.0,34.99,85,100,5.61
412,Carmen,MX,2021-05-20 23:03:06,18.6333,-91.8333,82.44,74,40,12.66
413,Praia Da Vitoria,PT,2021-05-20 23:03:06,38.7333,-27.0667,59.76,68,82,13.2
414,Calabozo,VE,2021-05-20 23:03:06,8.9242,-67.4293,83.34,61,90,2.71
415,Yanam,IN,2021-05-20 23:03:07,16.7333,82.2167,82.71,80,100,2.75
416,Rantepao,ID,2021-05-20 23:03:07,-2.9701,119.8978,68.07,96,95,1.54
417,Nago,JP,2021-05-20 23:00:35,26.5881,127.9761,82.47,86,96,10.74
418,Eregli,TR,2021-05-20 23:03:08,37.5133,34.0467,63.34,22,0,2.28
419,Dillon,US,2021-05-20 23:00:26,34.4166,-79.3712,85.1,47,26,1.32
420,Egvekinot,RU,2021-05-20 23:03:08,66.3167,-179.1667,28.11,98,100,2.59
421,Tambopata,PE,2021-05-20 23:03:08,-12.7333,-69.1833,78.66,73,100,1.23
422,Lazaro Cardenas,MX,2021-05-20 23:03:09,17.9583,-102.2,83.61,51,0,9.01
423,Tonkino,RU,2021-05-20 23:03:09,57.3726,46.4629,55.02,98,86,5.7
424,Hollister,US,2021-05-20 23:03:09,36.8525,-121.4016,72.14,24,1,1.01
425,Viedma,AR,2021-05-20 23:03:10,-40.8135,-62.9967,52.86,91,99,7.76
426,Kuldur,RU,2021-05-20 23:03:11,49.2167,131.6333,63.91,71,11,5.91
427,Bitung,ID,2021-05-20 23:03:11,1.4451,125.1824,77.85,93,100,4.81
428,Mundra,IN,2021-05-20 23:03:12,22.85,69.7333,83.28,80,65,16.46
429,Arlit,NE,2021-05-20 23:03:12,18.7369,7.3853,90.45,10,4,5.37
430,Dixon,US,2021-05-20 22:59:05,38.4455,-121.8233,74.98,11,1,7.0
431,Tisul,RU,2021-05-20 23:03:12,55.7611,88.3122,34.88,73,88,6.17
432,Sao Borja,BR,2021-05-20 23:03:12,-28.6606,-56.0044,61.25,87,61,7.81
433,Petropavlivka,UA,2021-05-20 23:03:13,48.4564,36.4367,54.16,86,97,8.55
434,Malvern,US,2021-05-20 23:03:13,34.3623,-92.813,74.01,96,100,11.39
435,Whyalla,AU,2021-05-20 23:03:13,-33.0333,137.5833,62.13,38,99,3.91
436,Tomatlan,MX,2021-05-20 23:03:14,19.9333,-105.25,83.48,45,0,8.68
437,Joigny,FR,2021-05-20 23:03:14,47.9829,3.401,56.44,71,100,11.88
438,Tabas,IR,2021-05-20 23:03:15,33.5959,56.9244,81.1,17,0,4.03
439,Port-Gentil,GA,2021-05-20 23:03:15,-0.7193,8.7815,78.8,86,100,9.48
440,Mao,ES,2021-05-20 23:03:15,39.8885,4.2658,59.56,82,0,5.75
441,Aruppukkottai,IN,2021-05-20 23:03:15,9.5167,78.1,81.73,74,100,9.64
442,Camacha,PT,2021-05-20 23:03:16,33.0833,-16.3333,70.56,77,0,16.11
443,Mahebourg,MU,2021-05-20 23:01:05,-20.4081,57.7,72.25,67,42,22.73
444,Chapais,CA,2021-05-20 23:03:16,49.7834,-74.8492,67.78,81,99,6.49
445,Antalaha,MG,2021-05-20 23:03:16,-14.9003,50.2788,73.15,70,50,11.88
446,Yar-Sale,RU,2021-05-20 23:03:17,66.8333,70.8333,40.46,97,99,3.85
447,Myronivka,UA,2021-05-20 23:03:17,49.6601,30.9823,50.05,95,100,7.52
448,Baghdad,IQ,2021-05-20 23:01:33,33.3406,44.4009,91.33,12,90,9.42
449,Manggar,ID,2021-05-20 23:03:18,-2.8833,108.2667,80.91,82,81,7.05
450,Kaseda,JP,2021-05-20 23:00:05,31.4167,130.3167,66.85,88,100,14.41
451,San Juan,AR,2021-05-20 23:03:18,-31.5375,-68.5364,58.73,61,81,10.36
452,Nova Vicosa,BR,2021-05-20 23:03:18,-17.8919,-39.3719,74.17,81,3,10.45
453,Semey,KZ,2021-05-20 23:03:19,50.4111,80.2275,26.82,68,0,2.24
454,Petropavlovsk-Kamchatskiy,RU,2021-05-20 23:03:19,53.0452,158.6483,50.59,71,60,6.58
455,Lagunas,PE,2021-05-20 23:03:19,-5.2269,-75.6753,77.65,86,82,2.73
456,Shemonaikha,KZ,2021-05-20 23:03:19,50.6328,81.9056,33.69,76,0,3.78
457,Sosva,RU,2021-05-20 23:03:20,59.1766,61.8558,56.64,57,7,4.25
458,Talas,TR,2021-05-20 23:03:20,38.6908,35.5538,61.47,43,0,4.43
459,Lourdes,FR,2021-05-20 23:01:34,43.1,-0.05,54.52,76,0,3.44
460,Clute,US,2021-05-20 23:03:20,29.0247,-95.3988,83.21,81,1,1.99
461,Banjar,ID,2021-05-20 23:03:21,-8.19,114.9675,78.66,87,39,4.16
462,Aksu,CN,2021-05-20 23:03:21,41.1231,80.2644,64.71,26,2,10.04
463,Sakakah,SA,2021-05-20 23:03:21,29.9697,40.2064,86.25,20,76,12.35
464,Garavuti,TJ,2021-05-20 23:03:22,37.5672,68.4469,68.65,37,0,4.23
465,Babushkin,RU,2021-05-20 23:03:22,51.7122,105.8647,35.65,99,100,13.09
466,Tungor,RU,2021-05-20 23:03:22,53.3808,142.9564,38.62,82,100,5.53
467,Nishihara,JP,2021-05-20 23:03:23,26.1842,127.7558,82.06,82,75,10.71
468,Faribault,US,2021-05-20 23:03:23,44.295,-93.2688,73.09,83,40,1.01
469,Micheweni,TZ,2021-05-20 23:03:23,-4.9667,39.8333,77.16,81,94,12.53
470,Rovaniemi,FI,2021-05-20 23:00:33,66.5,25.7167,40.41,87,90,14.97
471,Chumphon,TH,2021-05-20 23:03:23,10.3333,98.8333,75.2,88,100,5.1
472,Nelson Bay,AU,2021-05-20 23:03:24,-32.7167,152.15,64.99,76,48,1.01
473,Lompoc,US,2021-05-20 23:03:24,34.6391,-120.4579,78.57,65,1,18.41
474,Qaqortoq,GL,2021-05-20 23:03:24,60.7167,-46.0333,41.5,75,100,13.24
475,Killybegs,IE,2021-05-20 23:03:25,54.6333,-8.45,47.44,90,100,24.14
476,Astoria,US,2021-05-20 23:00:09,46.1879,-123.8313,59.09,73,45,1.01
477,Emmett,US,2021-05-20 23:03:25,43.8735,-116.4993,64.29,40,58,4.0
478,Catarman,PH,2021-05-20 23:03:25,12.4989,124.6377,78.91,87,98,2.91
479,Kalianget,ID,2021-05-20 23:03:26,-7.05,113.9333,80.15,80,92,5.68
480,Port Lincoln,AU,2021-05-20 23:03:26,-34.7333,135.8667,61.05,42,6,6.58
481,Russell,US,2021-05-20 23:00:24,32.3502,-85.1999,80.51,41,2,10.18
482,Port Hedland,AU,2021-05-20 23:03:26,-20.3167,118.5667,60.85,39,1,4.61
483,Nueve De Julio,AR,2021-05-20 23:03:28,-35.4444,-60.8831,56.71,97,100,1.99
484,Bubaque,GW,2021-05-20 23:03:28,11.2833,-15.8333,78.51,82,63,4.43
485,Honningsvag,NO,2021-05-20 23:03:28,70.9821,25.9704,37.24,73,100,10.74
486,Husavik,IS,2021-05-20 23:03:29,66.0449,-17.3389,33.82,69,94,4.65
487,Nehe,CN,2021-05-20 23:03:29,48.4833,124.8333,65.64,47,15,4.9
488,Cap Malheureux,MU,2021-05-20 23:03:29,-19.9842,57.6142,72.46,72,60,5.99
489,Joshimath,IN,2021-05-20 23:03:29,30.5667,79.5667,54.82,79,62,5.68
490,Maracacume,BR,2021-05-20 23:03:30,-2.0428,-45.9592,74.46,96,60,3.58
491,Birjand,IR,2021-05-20 23:03:30,32.8663,59.2211,67.86,24,0,14.0
492,Whitehorse,CA,2021-05-20 23:00:00,60.7161,-135.0538,60.03,30,90,6.91
493,Kirakira,SB,2021-05-20 23:03:30,-10.4544,161.9205,84.36,69,73,2.95
494,Bayanday,RU,2021-05-20 23:03:31,53.0661,105.5139,36.73,77,95,5.21
495,Uaua,BR,2021-05-20 23:03:31,-9.8414,-39.4817,73.69,75,1,10.69
496,Vostok,RU,2021-05-20 23:03:31,46.4856,135.8833,70.11,41,100,2.35
497,Yegros,PY,2021-05-20 23:03:32,-26.45,-56.4,68.99,63,16,5.23
498,Santa Rosa,PH,2021-05-20 23:03:32,14.3122,121.1114,84.11,83,100,4.34
499,Mbigou,GA,2021-05-20 23:03:32,-1.9005,11.906,68.81,97,100,1.03
500,Gandajika,CD,2021-05-20 23:03:33,-6.75,23.95,72.41,70,83,3.91
501,Santa Vitoria Do Palmar,BR,2021-05-20 23:03:33,-33.5189,-53.3681,56.82,79,100,4.23
502,Chicama,PE,2021-05-20 23:03:33,-7.8447,-79.1469,64.94,77,35,6.22
503,Simbahan,PH,2021-05-20 23:03:33,6.3032,120.5836,79.75,85,100,14.45
504,Babstovo,RU,2021-05-20 23:03:34,48.1167,132.4833,59.77,83,56,8.93
505,Grand Forks,US,2021-05-20 23:03:34,47.9417,-97.4337,57.13,94,90,14.97
506,La Ronge,CA,2021-05-20 22:59:14,55.1001,-105.2842,41.22,41,75,6.91
507,Hualmay,PE,2021-05-20 23:03:35,-11.0964,-77.6139,65.39,84,34,9.71
508,Richards Bay,ZA,2021-05-20 23:03:35,-28.783,32.0377,73.27,43,25,12.19
509,Braganca Paulista,BR,2021-05-20 22:59:15,-22.94,-46.5556,71.04,64,0,3.29
510,Alta Floresta,BR,2021-05-20 23:03:35,-9.8756,-56.0861,76.98,78,91,2.75
511,Bima,ID,2021-05-20 23:03:36,-8.4667,118.7167,77.05,90,54,3.4
512,Nkhotakota,MW,2021-05-20 23:03:36,-12.9274,34.2961,64.63,66,33,5.3
513,Bangui,CF,2021-05-20 23:03:36,4.3612,18.555,74.68,83,73,0.85
514,Polyarnyy,RU,2021-05-20 23:03:37,69.1989,33.4478,37.87,97,100,15.5
515,Ko Samui,TH,2021-05-20 23:03:37,9.5357,99.9357,84.47,78,100,15.75
516,Bac Lieu,VN,2021-05-20 23:03:37,9.285,105.7244,82.69,79,98,7.58
517,Lakhimpur,IN,2021-05-20 23:03:38,27.95,80.7667,72.73,94,92,5.95
518,Solnechnyy,RU,2021-05-20 23:03:38,50.7214,136.6319,53.87,65,23,4.12
519,Atar,MR,2021-05-20 23:03:38,20.5169,-13.0499,85.35,11,0,3.8
520,Manaure,CO,2021-05-20 23:03:38,11.7751,-72.4445,86.74,60,36,19.71
521,Yatou,CN,2021-05-20 23:03:39,37.15,122.3833,60.87,64,72,4.0
522,San Andres,CO,2021-05-20 23:03:39,12.5847,-81.7006,84.22,79,40,10.36
523,Hirado,JP,2021-05-20 23:00:45,33.3597,129.5531,67.39,78,100,15.77
524,Shumskiy,RU,2021-05-20 23:03:39,54.8318,99.1328,37.36,88,100,2.95
525,Colorines,MX,2021-05-20 23:03:40,19.2,-100.1667,88.2,17,0,8.39
526,Palmer,US,2021-05-20 23:03:40,42.1584,-72.3287,77.38,57,40,8.72
527,Portland,US,2021-05-20 23:03:15,45.5234,-122.6762,63.84,65,75,1.01
528,La Orilla,MX,2021-05-20 23:03:41,17.9833,-102.2333,83.53,51,0,9.22
529,Homer,US,2021-05-20 23:03:41,59.6425,-151.5483,51.08,60,40,27.63
530,Kingsport,US,2021-05-20 22:59:50,36.5484,-82.5618,82.26,60,43,6.02
531,Tombouctou,ML,2021-05-20 23:03:41,20.0,-3.0,94.78,13,0,17.98
532,Varna,BG,2021-05-20 23:03:42,43.2167,27.9167,55.54,88,0,8.05
533,Pitimbu,BR,2021-05-20 23:03:42,-7.4706,-34.8086,75.79,83,0,6.89
534,Storforshei,NO,2021-05-20 23:03:45,66.4043,14.5233,39.65,92,41,3.51
535,Wagar,SD,2021-05-20 23:03:45,16.1525,36.2032,90.82,11,3,8.14
536,Ambilobe,MG,2021-05-20 23:03:45,-13.2,49.05,67.21,81,1,3.6
537,Papara,BR,2021-05-20 23:03:46,-3.9839,-38.7273,79.68,91,36,2.75
538,Alanya,TR,2021-05-20 23:00:13,36.5438,31.9998,71.74,53,0,4.23
539,Sayyan,YE,2021-05-20 23:03:46,15.1718,44.3244,64.42,18,73,9.53
540,Skovorodino,RU,2021-05-20 23:03:46,53.9833,123.9167,44.49,87,100,7.25
541,Bathsheba,BB,2021-05-20 23:03:47,13.2167,-59.5167,81.21,74,75,16.4
542,Vostochnyy,RU,2021-05-20 23:03:47,55.8167,37.8667,59.18,95,15,8.48
543,Havoysund,NO,2021-05-20 23:03:47,70.9963,24.6622,36.48,73,100,8.19
544,Fukue,JP,2021-05-20 23:00:15,32.6881,128.8419,65.17,73,100,16.49
545,Ponta Do Sol,PT,2021-05-20 23:03:48,32.6667,-17.1,74.03,57,71,6.6
546,Buckeye,US,2021-05-20 23:00:00,33.3703,-112.5838,101.3,9,12,22.19
547,Esna,EG,2021-05-20 23:03:48,25.2934,32.554,85.3,18,0,9.95
548,Truth Or Consequences,US,2021-05-20 22:59:46,33.1284,-107.2528,90.91,9,0,22.79
549,Verkhnedneprovskiy,RU,2021-05-20 23:03:48,54.9813,33.3457,51.1,97,100,10.56
550,Najran,SA,2021-05-20 23:03:49,17.4924,44.1277,76.17,14,13,2.19
551,Codrington,AU,2021-05-20 23:03:49,-38.2667,141.9667,49.17,84,4,5.91
552,Winsum,NL,2021-05-20 23:03:50,53.33,6.5208,55.0,84,100,18.39
553,Murwara,IN,2021-05-20 23:03:50,23.85,80.4,78.53,70,8,4.03
554,Dimovo,BG,2021-05-20 23:03:50,43.7417,22.7269,52.84,78,70,10.63
555,Gilbues,BR,2021-05-20 23:03:50,-9.8317,-45.3439,78.49,47,10,1.03
556,Taoudenni,ML,2021-05-20 23:03:51,22.6783,-3.9836,100.06,9,13,15.37
557,De Aar,ZA,2021-05-20 23:03:51,-30.6497,24.0123,47.89,64,52,20.56
558,Nguruka,TZ,2021-05-20 23:03:51,-5.1092,31.0419,64.04,88,62,3.13
559,Anadyr,RU,2021-05-20 23:03:52,64.75,177.4833,32.5,98,90,20.0
560,Dunedin,NZ,2021-05-20 23:02:25,-45.8742,170.5036,45.81,86,100,21.0
561,Sun Valley,US,2021-05-20 23:03:52,39.5963,-119.776,51.04,40,75,8.01
562,Carlsbad,US,2021-05-20 23:01:55,33.1581,-117.3506,73.27,70,75,5.99
563,Kutum,SD,2021-05-20 23:03:53,14.2,24.6667,79.84,38,63,8.52
564,Sortland,NO,2021-05-20 23:03:53,68.6949,15.4162,43.36,82,81,1.86
565,Xichang,CN,2021-05-20 23:03:53,27.8964,102.2634,62.98,86,100,1.3
566,Panzhihua,CN,2021-05-20 23:03:53,26.5851,101.7128,71.1,67,3,1.88
567,Soyo,AO,2021-05-20 23:03:54,-6.1349,12.3689,79.54,84,1,6.13
568,Langres,FR,2021-05-20 23:03:54,47.8333,5.3333,49.19,78,100,7.38
